000621,CODE_OF_ALABAMA
000626,ALASKA_STATUTES
000627,ARIZONA_ADMINISTRATIVE_CODE
000630,ARIZONA_STATUTES
000637,CALIFORNIA_STATUTORY_CODE
000646,COLORADO_CODE_OF_REGULATIONS
000650,CONNECTICUT_STATUTES
001509,CONNECTICUT_REGULATIONS
000656,DC_CODE
000660,FLORIDA_STATUTES
000661,CODE_OF_GEORGIA
000670,IDAHO_STATUTES
000672,ILLINOIS_ADMINISTRATIVE_CODE
000674,ILLINOIS_STATUTES
000678,INDIANA_ADMINISTRATIVE_CODE
000682,INDIANA_CODE
000683,IOWA_ADMINISTRATIVE_CODE
000689,KENTUCKY_STATUTES
000699,MAINE_DEPARTMENT_RULES
000700,MAINE_STATUTES
000705,MASSACHUSETTS_LAWS
000714,MINNESOTA_ADMINISTRATIVE_RULES
000717,MINNESOTA_STATUTES
000719,MISSISSIPPI_CODE
000726,MONTANA_ADMINISTRATIVE_RULES
000729,MONTANA_STATUTES
000733,NEBRASKA_STATUTES
000735,NEVADA_ADMINISTRATIVE_CODE
000738,NEVADA_STATUTES
000741,NEW_HAMPSHIRE_STATUTES
001524,NEW_HAMPSHIRE_ADMINISTRATIVE_RULES
000747,NEW_JERSEY_STATUTES
000751,NEW_MEXICO_STATUTES
000763,NEW_YORK_LAWS
001525 001525,NEW_YORK_ADMINISTRATIVE_CODE
000768,NORTH_CAROLINA_GENERAL_STATUTES
000772,NORTH_DAKOTA_ADMINISTRATIVE_CODE
000773,NORTH_DAKOTA_CENTURY_CODE
000776,OHIO_ADMINISTRATIVE_CODE
000779,OHIO_REVISED_CODE
001111,OIREACHTAS_ACT
000787,OREGON_REVISED_STATUTES
000788,PENNSYLVANIA_CONSOLIDATED_STATUTES
001115,PRE_1922_ACTS
000797,RHODE_ISLAND_STATUTES
000800,SOUTH_CAROLINA_CODE_OF_LAWS
000804,SOUTH_DAKOTA_ADMINISTRATIVE_RULES
000808,SOUTH_DAKOTA_LAWS
000812,TENNESSEE_RULES_AND_REGULATIONS
000815,TEXAS_ADMINISTRATIVE_CODE
000818,TEXAS_STATUTES
000826,UTAH_CODE
000850,VIRGINIA_CODE
000851,VIRGINIA_ADMINISTRATIVE_CODE
000855,WASHINGTON_ADMINISTRATIVE_CODE
000859,WASHINGTON_STATUTES
000866,WISCONSIN_ADMINISTRATIVE_CODE
000869,WISCONSIN_STATUTES
000871,WYOMING_ADMINISTRATIVE_RULES
000874,WYOMING_STATUTES
